{
  "name": "Digit Classification Web Application",
  "version": "1.0.0",
  "description": "A PyTorch-based Digit Classification model for digit recognition on MNIST dataset.",
  "environment": {
    "python_version": "3.13.2",
    "frameworks": ["Flask 3.1.0", "PyTorch 2.6.0"],
    "dependencies_file": "requirements.txt"
  },
  "model": {
    "file_name": "model.pt",
    "input_shape": [1, 1, 28, 28],
    "output_classes": 10
  },
  "api_endpoints": {
    "GET": {
      "/": {
        "returns": "text/html",
        "description": "Render the home page."
      },
      "/health": {
        "returns": "application/json",
        "description": "End point for getting server's health status"
      }
    },
    "POST": {
      "/api/v1/dc": {
        "method": "POST",
        "accepts": "multipart/form-data",
        "returns": "application/json",
        "description": "Model inference API."
      }
    }
  },
  "scripts": {
    "run": "python3 app.py"
  }
}
